"appt_number";"xa_original_agency";"xa_work_type";"status";"fecha"
"1330057886";"VINA DEL MAR";"At--------";"complete";"8/7/2026"
"1330041097";"VINA DEL MAR";"At--------";"complete";"8/7/2026"
"1330044858";"VALPARAISO";"At--------";"complete";"8/7/2026"
"1330053181";"VINA DEL MAR";"At--------";"complete";"8/11/2026"
"1330054619";"VINA DEL MAR";"At------At";"complete";"8/7/2026"
"1330048483";"SAN ANTONIO";"At--------";"complete";"8/8/2026"
"1330051266";"SAN ANTONIO";"At--------";"complete";"8/7/2026"
"1330060462";"VINA DEL MAR";"At--------";"complete";"8/10/2026"
"1334414025";"VINA DEL MAR";"At------At";"complete";"8/15/2026"
"1334484505";"VINA DEL MAR";"At--------";"complete";"8/13/2026"
"1335979364";"VINA DEL MAR";"At--------";"complete";"8/15/2026"
"1334312565";"VALPARAISO";"At--------";"complete";"8/15/2026"
"1334352867";"VINA DEL MAR";"At--------";"complete";"8/14/2026"
"1334415250";"SAN ANTONIO";"At------At";"complete";"8/15/2026"
"1333919029";"VINA DEL MAR";"At------At";"complete";"8/15/2026"
"1333946709";"SAN ANTONIO";"At--------";"complete";"8/15/2026"
"1334173666";"SAN ANTONIO";"At--------";"complete";"8/15/2026"
"1334355395";"VALPARAISO";"At--------";"complete";"8/14/2026"
"1334437361";"VINA DEL MAR";"At--------";"complete";"8/13/2026"
"1335756713";"SAN ANTONIO";"At--------";"complete";"8/15/2026"
"1333800648";"VINA DEL MAR";"At--------";"complete";"8/15/2026"
"1333840143";"VALPARAISO";"At------At";"complete";"8/13/2026"
"1335498889";"VALPARAISO";"At--------";"complete";"8/15/2026"
"1336023050";"VINA DEL MAR";"At--------";"complete";"8/15/2026"
"1333801739";"VALPARAISO";"At--------";"complete";"8/15/2026"
"1333840527";"VINA DEL MAR";"At--------";"complete";"8/14/2026"
"1334440763";"VINA DEL MAR";"At--------";"complete";"8/15/2026"
"1335770668";"VINA DEL MAR";"At--------";"complete";"8/14/2026"
"1333841556";"VINA DEL MAR";"At--------";"complete";"8/14/2026"
"1334333903";"VINA DEL MAR";"At------At";"complete";"8/15/2026"
"1334360737";"SAN ANTONIO";"At--------";"complete";"8/13/2026"
"1335659150";"SAN ANTONIO";"At--------";"complete";"8/15/2026"
"1333408802";"VINA DEL MAR";"At--------";"complete";"8/14/2026"
"1333719614";"SAN ANTONIO";"At--------";"complete";"8/12/2026"
"1333826971";"VINA DEL MAR";"At--------";"complete";"8/14/2026"
"1333842433";"VINA DEL MAR";"At--------";"complete";"8/12/2026"
"1333864761";"VALPARAISO";"At--------";"complete";"8/14/2026"
"1333865699";"VINA DEL MAR";"At--------";"complete";"8/14/2026"
"1335529788";"SAN ANTONIO";"At--------";"complete";"8/15/2026"
"1333409644";"VINA DEL MAR";"At--------";"complete";"8/15/2026"
"1333409906";"VINA DEL MAR";"At--------";"complete";"8/14/2026"
"1333480392";"VINA DEL MAR";"At--------";"complete";"8/12/2026"
"1333765863";"VINA DEL MAR";"At------At";"complete";"8/14/2026"
"1333890585";"VALPARAISO";"At--------";"complete";"8/14/2026"
"1333975675";"VINA DEL MAR";"At------At";"complete";"8/13/2026"
"1334017902";"VINA DEL MAR";"At--------";"complete";"8/14/2026"
"1334224356";"VALPARAISO";"At--------";"complete";"8/15/2026"
"1334404746";"SAN ANTONIO";"At--------";"complete";"8/14/2026"
"1333410313";"VINA DEL MAR";"At--------";"complete";"8/14/2026"
"1334364758";"VINA DEL MAR";"At--------";"complete";"8/14/2026"
"1334390047";"VINA DEL MAR";"At------At";"complete";"8/15/2026"
"1335393118";"SAN ANTONIO";"At--------";"complete";"8/15/2026"
"1335804650";"VINA DEL MAR";"At--------";"complete";"8/15/2026"
"1333432884";"VINA DEL MAR";"At------At";"complete";"8/14/2026"
"1333490012";"VINA DEL MAR";"At------At";"complete";"8/13/2026"
"1333809525";"VINA DEL MAR";"At------At";"complete";"8/12/2026"
"1335403788";"VINA DEL MAR";"At--------";"complete";"8/15/2026"
"1333788514";"VINA DEL MAR";"At--------";"complete";"8/14/2026"
"1333899871";"VINA DEL MAR";"At--------";"complete";"8/13/2026"
"1334407745";"SAN ANTONIO";"At--------";"complete";"8/14/2026"
"1333399504";"SAN ANTONIO";"At------At";"complete";"8/13/2026"
"1333399867";"SAN ANTONIO";"At--------";"complete";"8/12/2026"
"1333727380";"VINA DEL MAR";"At--------";"complete";"8/12/2026"
"1333730792";"VINA DEL MAR";"At--------";"complete";"8/14/2026"
"1333810905";"VALPARAISO";"At------At";"complete";"8/13/2026"
"1334474946";"SAN ANTONIO";"At--------";"complete";"8/15/2026"
"1333742364";"VINA DEL MAR";"At--------";"complete";"8/14/2026"
"1333791874";"VINA DEL MAR";"At--------";"complete";"8/12/2026"
"1333791907";"SAN ANTONIO";"At--------";"complete";"8/14/2026"
"1333874068";"VINA DEL MAR";"At--------";"complete";"8/14/2026"
"1335563398";"VINA DEL MAR";"At------At";"complete";"8/14/2026"
"1335566871";"VALPARAISO";"At--------";"complete";"8/15/2026"
"1335864327";"VINA DEL MAR";"At--------";"complete";"8/15/2026"
"1333415373";"VINA DEL MAR";"At------At";"complete";"8/14/2026"
"1333833693";"SAN ANTONIO";"At--------";"complete";"8/15/2026"
"1333994282";"VINA DEL MAR";"At------At";"complete";"8/14/2026"
"1334037927";"SAN ANTONIO";"At--------";"complete";"8/13/2026"
"1334506954";"VINA DEL MAR";"At--------";"complete";"8/13/2026"
"1333402284";"VINA DEL MAR";"At------At";"complete";"8/12/2026"
"1333814226";"VINA DEL MAR";"At--------";"complete";"8/12/2026"
"1333878464";"VINA DEL MAR";"At--------";"complete";"8/13/2026"
"1333938403";"VINA DEL MAR";"At--------";"complete";"8/14/2026"
"1333997304";"VINA DEL MAR";"At--------";"complete";"8/14/2026"
"1334306258";"VALPARAISO";"At--------";"complete";"8/15/2026"
"1334348443";"SAN ANTONIO";"At--------";"complete";"8/13/2026"
"1333402437";"VALPARAISO";"At------At";"complete";"8/14/2026"
"1333417521";"VINA DEL MAR";"At------At";"complete";"8/14/2026"
"1333796298";"SAN ANTONIO";"At------At";"complete";"8/14/2026"
"1334102555";"VINA DEL MAR";"At--------";"complete";"8/14/2026"
"1335585244";"VINA DEL MAR";"At--------";"complete";"8/14/2026"
"1335734224";"SAN ANTONIO";"At--------";"complete";"8/15/2026"
"1333821606";"VINA DEL MAR";"At--------";"complete";"8/12/2026"
"1332578013";"VALPARAISO";"At------At";"complete";"8/15/2026"
"1332598072";"VINA DEL MAR";"At--------";"complete";"8/10/2026"
"1332745847";"VINA DEL MAR";"At------At";"complete";"8/13/2026"
"1332812615";"VALPARAISO";"At------At";"complete";"8/13/2026"
"1332834119";"SAN ANTONIO";"At------At";"complete";"8/15/2026"
"1332834127";"VALPARAISO";"At--------";"complete";"8/12/2026"
"1332854772";"VINA DEL MAR";"At------At";"complete";"8/10/2026"
"1332855143";"VALPARAISO";"At--------";"complete";"8/12/2026"
"1332896154";"VINA DEL MAR";"At--------";"complete";"8/13/2026"
"1332946504";"VINA DEL MAR";"At--------";"complete";"8/11/2026"
"1332963175";"VINA DEL MAR";"At--------";"complete";"8/12/2026"
"1332979899";"VINA DEL MAR";"At------At";"complete";"8/12/2026"
"1332986995";"VALPARAISO";"At------At";"complete";"8/14/2026"
"1333036694";"VALPARAISO";"At--------";"complete";"8/13/2026"
"1333038486";"VALPARAISO";"At--------";"complete";"8/13/2026"
"1332052390";"SAN ANTONIO";"At--------";"complete";"8/15/2026"
"1332128624";"VALPARAISO";"At--------";"complete";"8/12/2026"
"1332144595";"VINA DEL MAR";"At--------";"complete";"8/10/2026"
"1332746024";"VINA DEL MAR";"At------At";"complete";"8/11/2026"
"1332764832";"VINA DEL MAR";"At--------";"complete";"8/11/2026"
"1332811604";"VALPARAISO";"At--------";"complete";"8/13/2026"
"1332885193";"VINA DEL MAR";"At------At";"complete";"8/12/2026"
"1332896944";"VALPARAISO";"At--------";"complete";"8/14/2026"
"1332937382";"VINA DEL MAR";"At------At";"complete";"8/10/2026"
"1332943534";"VINA DEL MAR";"At------At";"complete";"8/13/2026"
"1332944132";"VINA DEL MAR";"At--------";"complete";"8/12/2026"
"1332946779";"VINA DEL MAR";"At--------";"complete";"8/12/2026"
"1332949831";"VINA DEL MAR";"At--------";"complete";"8/12/2026"
"1332970430";"VINA DEL MAR";"At------At";"complete";"8/12/2026"
"1332999327";"VINA DEL MAR";"At------At";"complete";"8/14/2026"
"1333037480";"VINA DEL MAR";"At--------";"complete";"8/13/2026"
"1332035936";"VALPARAISO";"At--------";"complete";"8/11/2026"
"1332099334";"VALPARAISO";"At--------";"complete";"8/11/2026"
"1332659147";"VALPARAISO";"At--------";"complete";"8/14/2026"
"1332814375";"VINA DEL MAR";"At------At";"complete";"8/11/2026"
"1332823022";"VINA DEL MAR";"At------At";"complete";"8/14/2026"
"1332828678";"VINA DEL MAR";"At--------";"complete";"8/13/2026"
"1332898012";"VINA DEL MAR";"At--------";"complete";"8/11/2026"
"1332944408";"VALPARAISO";"At------At";"complete";"8/13/2026"
"1332947623";"VALPARAISO";"At------At";"complete";"8/13/2026"
"1332964590";"SAN ANTONIO";"At--------";"complete";"8/11/2026"
"1332971470";"VINA DEL MAR";"At--------";"complete";"8/13/2026"
"1332989268";"SAN ANTONIO";"At------At";"complete";"8/13/2026"
"1333007099";"VINA DEL MAR";"At--------";"complete";"8/13/2026"
"1332054356";"VALPARAISO";"At--------";"complete";"8/11/2026"
"1332100665";"VINA DEL MAR";"At------At";"complete";"8/11/2026"
"1332164152";"VALPARAISO";"At------At";"complete";"8/12/2026"
"1332454858";"SAN ANTONIO";"At--------";"complete";"8/8/2026"
"1332476358";"VALPARAISO";"At--------";"complete";"8/15/2026"
"1332512510";"VINA DEL MAR";"At--------";"complete";"8/14/2026"
"1332660743";"VINA DEL MAR";"At------At";"complete";"8/14/2026"
"1332661696";"VINA DEL MAR";"At------At";"complete";"8/11/2026"
"1332825499";"VALPARAISO";"At--------";"complete";"8/10/2026"
"1332830017";"VINA DEL MAR";"At--------";"complete";"8/14/2026"
"1332836262";"VALPARAISO";"At--------";"complete";"8/14/2026"
"1332841394";"VINA DEL MAR";"At--------";"complete";"8/13/2026"
"1332925050";"VINA DEL MAR";"At--------";"complete";"8/13/2026"
"1332945134";"VINA DEL MAR";"At------At";"complete";"8/12/2026"
"1333025335";"VINA DEL MAR";"At------At";"complete";"8/13/2026"
"1333037955";"VINA DEL MAR";"At------At";"complete";"8/13/2026"
"1333394811";"VINA DEL MAR";"At--------";"complete";"8/13/2026"
"1333387308";"VINA DEL MAR";"At--------";"complete";"8/14/2026"
"1333043040";"VALPARAISO";"At--------";"complete";"8/11/2026"
"1332848886";"VINA DEL MAR";"At------At";"complete";"8/13/2026"
"1332866057";"VINA DEL MAR";"At------At";"complete";"8/11/2026"
"1332926840";"SAN ANTONIO";"At------At";"complete";"8/11/2026"
"1332966102";"VINA DEL MAR";"At--------";"complete";"8/10/2026"
"1332973028";"VINA DEL MAR";"At--------";"complete";"8/11/2026"
"1333025751";"VINA DEL MAR";"At--------";"complete";"8/14/2026"
"1333043641";"VINA DEL MAR";"At--------";"complete";"8/13/2026"
"1333051327";"VINA DEL MAR";"At--------";"complete";"8/11/2026"
"1332458708";"SAN ANTONIO";"At--------";"complete";"8/15/2026"
"1332514181";"VINA DEL MAR";"At------At";"complete";"8/8/2026"
"1332606354";"VALPARAISO";"At--------";"complete";"8/12/2026"
"1332752170";"VINA DEL MAR";"At--------";"complete";"8/11/2026"
"1332859677";"VINA DEL MAR";"At------At";"complete";"8/11/2026"
"1332900869";"VALPARAISO";"At--------";"complete";"8/13/2026"
"1332913102";"VALPARAISO";"At------At";"complete";"8/13/2026"
"1332990135";"SAN ANTONIO";"At--------";"complete";"8/13/2026"
"1333051503";"VINA DEL MAR";"At------At";"complete";"8/12/2026"
"1333055128";"SAN ANTONIO";"At------At";"complete";"8/12/2026"
"1333176647";"VINA DEL MAR";"At--------";"complete";"8/13/2026"
"1333205721";"VALPARAISO";"At--------";"complete";"8/14/2026"
"1333236131";"VINA DEL MAR";"At--------";"complete";"8/11/2026"
"1331994620";"VALPARAISO";"At------At";"complete";"8/10/2026"
"1332057487";"VINA DEL MAR";"At--------";"complete";"8/11/2026"
"1332073750";"VINA DEL MAR";"At--------";"complete";"8/8/2026"
"1332132812";"VALPARAISO";"At------At";"complete";"8/12/2026"
"1332168619";"SAN ANTONIO";"At--------";"complete";"8/14/2026"
"1332515084";"VINA DEL MAR";"At--------";"complete";"8/10/2026"
"1332607968";"VALPARAISO";"At--------";"complete";"8/14/2026"
"1332729865";"SAN ANTONIO";"At------At";"complete";"8/12/2026"
"1332843521";"VINA DEL MAR";"At--------";"complete";"8/11/2026"
"1332927934";"VALPARAISO";"At--------";"complete";"8/11/2026"
"1332974701";"SAN ANTONIO";"At--------";"complete";"8/13/2026"
"1333192427";"VINA DEL MAR";"At--------";"complete";"8/14/2026"
"1333244220";"VALPARAISO";"At--------";"complete";"8/13/2026"
"1333247932";"VALPARAISO";"At------At";"complete";"8/13/2026"
"1333260123";"SAN ANTONIO";"At------At";"complete";"8/14/2026"
"1332075663";"VINA DEL MAR";"At------At";"complete";"8/10/2026"
"1332104764";"VINA DEL MAR";"At--------";"complete";"8/10/2026"
"1332171278";"VALPARAISO";"At------At";"complete";"8/10/2026"
"1332460485";"VALPARAISO";"At--------";"complete";"8/12/2026"
"1332516576";"VALPARAISO";"At------At";"complete";"8/8/2026"
"1332567906";"VINA DEL MAR";"At------At";"complete";"8/12/2026"
"1332609821";"VALPARAISO";"At--------";"complete";"8/12/2026"
"1332891131";"VALPARAISO";"At--------";"complete";"8/12/2026"
"1332902762";"VINA DEL MAR";"At--------";"complete";"8/12/2026"
"1332903100";"VINA DEL MAR";"At--------";"complete";"8/10/2026"
"1332967876";"VINA DEL MAR";"At--------";"complete";"8/11/2026"
"1333010450";"SAN ANTONIO";"At--------";"complete";"8/11/2026"
"1333018261";"VINA DEL MAR";"At--------";"complete";"8/13/2026"
"1333018310";"VALPARAISO";"At--------";"complete";"8/14/2026"
"1333240767";"VINA DEL MAR";"At--------";"complete";"8/14/2026"
"1333260152";"VINA DEL MAR";"At------At";"complete";"8/13/2026"
"1333273564";"VINA DEL MAR";"At--------";"complete";"8/14/2026"
"1332088185";"VALPARAISO";"At------At";"complete";"8/14/2026"
"1332134893";"VINA DEL MAR";"At--------";"complete";"8/13/2026"
"1332463249";"VINA DEL MAR";"At--------";"complete";"8/11/2026"
"1332482070";"VALPARAISO";"At------At";"complete";"8/15/2026"
"1332586389";"VINA DEL MAR";"At--------";"complete";"8/12/2026"
"1332612586";"SAN ANTONIO";"At--------";"complete";"8/13/2026"
"1332993547";"SAN ANTONIO";"At--------";"complete";"8/13/2026"
"1333010862";"VINA DEL MAR";"At--------";"complete";"8/13/2026"
"1333027845";"SAN ANTONIO";"At--------";"complete";"8/13/2026"
"1333255744";"VINA DEL MAR";"At------At";"complete";"8/14/2026"
"1333259001";"VALPARAISO";"At--------";"complete";"8/14/2026"
"1333270528";"VALPARAISO";"At------At";"complete";"8/13/2026"
"1333277710";"VINA DEL MAR";"At--------";"complete";"8/14/2026"
"1333288361";"VINA DEL MAR";"At------At";"complete";"8/12/2026"
"1333290974";"VINA DEL MAR";"At--------";"complete";"8/14/2026"
"1332023433";"VINA DEL MAR";"At--------";"complete";"8/10/2026"
"1332135218";"SAN ANTONIO";"At------At";"complete";"8/12/2026"
"1332463898";"VINA DEL MAR";"At--------";"complete";"8/11/2026"
"1332483828";"VINA DEL MAR";"At--------";"complete";"8/8/2026"
"1332614335";"VINA DEL MAR";"At------At";"complete";"8/11/2026"
"1332756613";"VINA DEL MAR";"At--------";"complete";"8/10/2026"
"1332879738";"VINA DEL MAR";"At--------";"complete";"8/14/2026"
"1332916642";"VALPARAISO";"At--------";"complete";"8/10/2026"
"1333271252";"SAN ANTONIO";"At--------";"complete";"8/15/2026"
"1333275004";"VINA DEL MAR";"At------At";"complete";"8/13/2026"
"1333282021";"SAN ANTONIO";"At------At";"complete";"8/12/2026"
"1333328391";"VINA DEL MAR";"At------At";"complete";"8/14/2026"
"1332123435";"VALPARAISO";"At--------";"complete";"8/11/2026"
"1332175662";"VINA DEL MAR";"At--------";"complete";"8/8/2026"
"1332207913";"VINA DEL MAR";"At--------";"complete";"8/10/2026"
"1332484653";"VINA DEL MAR";"At--------";"complete";"8/10/2026"
"1332641442";"VALPARAISO";"At--------";"complete";"8/11/2026"
"1332871874";"VALPARAISO";"At--------";"complete";"8/12/2026"
"1332905801";"VALPARAISO";"At--------";"complete";"8/13/2026"
"1332931370";"VINA DEL MAR";"At--------";"complete";"8/14/2026"
"1333011828";"VALPARAISO";"At--------";"complete";"8/13/2026"
"1333012368";"VINA DEL MAR";"At------At";"complete";"8/12/2026"
"1333279153";"VINA DEL MAR";"At------At";"complete";"8/11/2026"
"1333279305";"VINA DEL MAR";"At--------";"complete";"8/11/2026"
"1333289416";"VALPARAISO";"At--------";"complete";"8/14/2026"
"1333310087";"VINA DEL MAR";"At--------";"complete";"8/14/2026"
"1333312418";"SAN ANTONIO";"At--------";"complete";"8/13/2026"
"1333316186";"VINA DEL MAR";"At--------";"complete";"8/14/2026"
"1333388865";"SAN ANTONIO";"At------At";"complete";"8/14/2026"
"1333378693";"VINA DEL MAR";"At--------";"complete";"8/14/2026"
"1332003253";"VINA DEL MAR";"At------At";"complete";"8/10/2026"
"1332004162";"VINA DEL MAR";"At--------";"complete";"8/12/2026"
"1332136319";"VINA DEL MAR";"At------At";"complete";"8/13/2026"
"1332504379";"VALPARAISO";"At--------";"complete";"8/10/2026"
"1332536854";"VINA DEL MAR";"At--------";"complete";"8/8/2026"
"1332573171";"SAN ANTONIO";"At--------";"complete";"8/10/2026"
"1332616533";"VINA DEL MAR";"At--------";"complete";"8/11/2026"
"1332737764";"VINA DEL MAR";"At--------";"complete";"8/11/2026"
"1332780094";"VALPARAISO";"At--------";"complete";"8/15/2026"
"1332894817";"VALPARAISO";"At--------";"complete";"8/13/2026"
"1332907107";"SAN ANTONIO";"At------At";"complete";"8/13/2026"
"1332918622";"VALPARAISO";"At------At";"complete";"8/14/2026"
"1332998121";"VALPARAISO";"At------At";"complete";"8/12/2026"
"1333005228";"VINA DEL MAR";"At--------";"complete";"8/12/2026"
"1333020445";"VALPARAISO";"At------At";"complete";"8/13/2026"
"1333020592";"VINA DEL MAR";"At--------";"complete";"8/12/2026"
"1333296569";"VALPARAISO";"At--------";"complete";"8/14/2026"
"1333311029";"VALPARAISO";"At--------";"complete";"8/14/2026"
"1333311049";"VALPARAISO";"At------At";"complete";"8/13/2026"
"1333313072";"VALPARAISO";"At--------";"complete";"8/14/2026"
"1333329835";"VINA DEL MAR";"At------At";"complete";"8/12/2026"
"1333379171";"VALPARAISO";"At--------";"complete";"8/13/2026"
"1333338538";"VINA DEL MAR";"At--------";"complete";"8/13/2026"
"1333340057";"VALPARAISO";"At------At";"complete";"8/14/2026"
"1333340117";"VINA DEL MAR";"At--------";"complete";"8/14/2026"
"1333340612";"VINA DEL MAR";"At--------";"complete";"8/12/2026"
"1333350784";"VINA DEL MAR";"At--------";"complete";"8/13/2026"
"1333350817";"VINA DEL MAR";"At------At";"complete";"8/14/2026"
"1332156424";"SAN ANTONIO";"At--------";"complete";"8/15/2026"
"1332178614";"SAN ANTONIO";"At--------";"complete";"8/11/2026"
"1332574336";"VALPARAISO";"At--------";"complete";"8/12/2026"
"1332714500";"VINA DEL MAR";"At--------";"complete";"8/12/2026"
"1332783529";"VINA DEL MAR";"At--------";"complete";"8/13/2026"
"1332895436";"VINA DEL MAR";"At--------";"complete";"8/10/2026"
"1333319737";"VINA DEL MAR";"At--------";"complete";"8/14/2026"
"1333321425";"VINA DEL MAR";"At------At";"complete";"8/12/2026"
"1333355732";"VINA DEL MAR";"At--------";"complete";"8/12/2026"
"1333044398";"VINA DEL MAR";"At--------";"complete";"8/14/2026"
"1332109391";"VINA DEL MAR";"At--------";"complete";"8/11/2026"
"1332214896";"VINA DEL MAR";"At--------";"complete";"8/8/2026"
"1332446876";"VINA DEL MAR";"At--------";"complete";"8/10/2026"
"1332539435";"SAN ANTONIO";"At--------";"complete";"8/13/2026"
"1332621572";"VINA DEL MAR";"At--------";"complete";"8/11/2026"
"1332715647";"VINA DEL MAR";"At------At";"complete";"8/12/2026"
"1332920059";"SAN ANTONIO";"At------At";"complete";"8/12/2026"
"1332933983";"VINA DEL MAR";"At------At";"complete";"8/12/2026"
"1333030496";"VALPARAISO";"At--------";"complete";"8/12/2026"
"1333336498";"SAN ANTONIO";"At--------";"complete";"8/12/2026"
"1333353506";"VALPARAISO";"At--------";"complete";"8/14/2026"
"1333353712";"VINA DEL MAR";"At--------";"complete";"8/14/2026"
"1333353763";"SAN ANTONIO";"At------At";"complete";"8/14/2026"
"1333048379";"VINA DEL MAR";"At------At";"complete";"8/12/2026"
"1333048558";"VINA DEL MAR";"At------At";"complete";"8/13/2026"
"1333052250";"VINA DEL MAR";"At--------";"complete";"8/11/2026"
"1333217774";"VINA DEL MAR";"At--------";"complete";"8/12/2026"
"1332449007";"VINA DEL MAR";"At------At";"complete";"8/10/2026"
"1332489192";"VINA DEL MAR";"At--------";"complete";"8/10/2026"
"1332490432";"VINA DEL MAR";"At--------";"complete";"8/12/2026"
"1332717945";"VINA DEL MAR";"At------At";"complete";"8/11/2026"
"1332719228";"VINA DEL MAR";"At--------";"complete";"8/12/2026"
"1332741374";"VINA DEL MAR";"At--------";"complete";"8/11/2026"
"1332761838";"VINA DEL MAR";"At--------";"complete";"8/12/2026"
"1332934163";"VALPARAISO";"At------At";"complete";"8/13/2026"
"1333361023";"VALPARAISO";"At--------";"complete";"8/11/2026"
"1333373054";"VINA DEL MAR";"At--------";"complete";"8/13/2026"
"1333042376";"VALPARAISO";"At--------";"complete";"8/13/2026"
"1333046246";"SAN ANTONIO";"At--------";"complete";"8/12/2026"
"1333060445";"VALPARAISO";"At--------";"complete";"8/13/2026"
"1333173778";"VINA DEL MAR";"At--------";"complete";"8/13/2026"
"1333223949";"VINA DEL MAR";"At--------";"complete";"8/12/2026"
"1333229223";"VINA DEL MAR";"At--------";"complete";"8/14/2026"
"1332808425";"VALPARAISO";"At--------";"complete";"8/11/2026"
"1332067176";"VALPARAISO";"At--------";"complete";"8/12/2026"
"1332218457";"VALPARAISO";"At--------";"complete";"8/12/2026"
"1332451293";"VALPARAISO";"At--------";"complete";"8/8/2026"
"1332472682";"VINA DEL MAR";"At------At";"complete";"8/10/2026"
"1332509441";"VALPARAISO";"At------At";"complete";"8/12/2026"
"1332742533";"VALPARAISO";"At------At";"complete";"8/10/2026"
"1333370835";"VALPARAISO";"At--------";"complete";"8/14/2026"
"1333372621";"VINA DEL MAR";"At--------";"complete";"8/14/2026"
"1333376438";"VINA DEL MAR";"At------At";"complete";"8/14/2026"
"1333376773";"SAN ANTONIO";"At------At";"complete";"8/13/2026"
"1333050447";"VALPARAISO";"At--------";"complete";"8/13/2026"
"1333197165";"VALPARAISO";"At--------";"complete";"8/14/2026"
"1333214042";"VINA DEL MAR";"At--------";"complete";"8/11/2026"
"1333238991";"VINA DEL MAR";"At--------";"complete";"8/13/2026"
"1333259564";"VALPARAISO";"At--------";"complete";"8/13/2026"
"1332806037";"VINA DEL MAR";"At--------";"complete";"8/11/2026"
"1332012275";"VINA DEL MAR";"At--------";"complete";"8/10/2026"
"1332069001";"SAN ANTONIO";"At--------";"complete";"8/12/2026"
"1330464600";"VINA DEL MAR";"At--------";"complete";"8/6/2026"
"1330496219";"VINA DEL MAR";"At--------";"complete";"8/6/2026"
"1330515522";"VALPARAISO";"At--------";"complete";"8/12/2026"
"1330591960";"VINA DEL MAR";"At--------";"complete";"8/6/2026"
"1330614832";"VALPARAISO";"At--------";"complete";"8/10/2026"
"1330624688";"VINA DEL MAR";"At--------";"complete";"8/9/2026"
"1330625663";"VINA DEL MAR";"At--------";"complete";"8/6/2026"
"1330631158";"VINA DEL MAR";"At------At";"complete";"8/7/2026"
"1330639255";"VINA DEL MAR";"At--------";"complete";"8/6/2026"
"1330717136";"VALPARAISO";"At--------";"complete";"8/11/2026"
"1330717145";"VINA DEL MAR";"At--------";"complete";"8/12/2026"
"1330733204";"VINA DEL MAR";"At--------";"complete";"8/10/2026"
"1330775988";"VINA DEL MAR";"At--------";"complete";"8/10/2026"
"1330067153";"VALPARAISO";"At--------";"complete";"8/8/2026"
"1330354328";"VALPARAISO";"At--------";"complete";"8/8/2026"
"1330377261";"VALPARAISO";"At------At";"complete";"8/14/2026"
"1330434791";"VINA DEL MAR";"At--------";"complete";"8/6/2026"
"1330465704";"VALPARAISO";"At--------";"complete";"8/7/2026"
"1330572707";"VINA DEL MAR";"At--------";"complete";"8/15/2026"
"1330625430";"SAN ANTONIO";"At--------";"complete";"8/7/2026"
"1330629003";"SAN ANTONIO";"At--------";"complete";"8/7/2026"
"1330635909";"SAN ANTONIO";"At--------";"complete";"8/15/2026"
"1330673533";"VALPARAISO";"At------At";"complete";"8/6/2026"
"1330689130";"VALPARAISO";"At--------";"complete";"8/11/2026"
"1330745508";"VINA DEL MAR";"At--------";"complete";"8/6/2026"
"1331927182";"VINA DEL MAR";"At--------";"complete";"8/11/2026"
"1330134060";"VALPARAISO";"At--------";"complete";"8/8/2026"
"1330251074";"SAN ANTONIO";"At--------";"complete";"8/6/2026"
"1330292410";"VALPARAISO";"At--------";"complete";"8/9/2026"
"1330292571";"VALPARAISO";"At--------";"complete";"8/11/2026"
"1330354992";"VALPARAISO";"At--------";"complete";"8/8/2026"
"1330474980";"VINA DEL MAR";"At--------";"complete";"8/10/2026"
"1330508647";"VINA DEL MAR";"At--------";"complete";"8/7/2026"
"1330527242";"SAN ANTONIO";"At------At";"complete";"8/7/2026"
"1330661665";"VINA DEL MAR";"At--------";"complete";"8/11/2026"
"1330667008";"VALPARAISO";"At--------";"complete";"8/10/2026"
"1330720419";"VINA DEL MAR";"At--------";"complete";"8/7/2026"
"1330724122";"VALPARAISO";"At--------";"complete";"8/10/2026"
"1330734651";"SAN ANTONIO";"At------At";"complete";"8/7/2026"
"1331983912";"VALPARAISO";"At--------";"complete";"8/11/2026"
"1330068077";"VINA DEL MAR";"At--------";"complete";"8/7/2026"
"1330197559";"VALPARAISO";"At------At";"complete";"8/12/2026"
"1330213455";"VINA DEL MAR";"At--------";"complete";"8/8/2026"
"1330475289";"SAN ANTONIO";"At--------";"complete";"8/7/2026"
"1330516780";"VALPARAISO";"At--------";"complete";"8/10/2026"
"1330585894";"VALPARAISO";"At--------";"complete";"8/10/2026"
"1330593079";"VINA DEL MAR";"At--------";"complete";"8/8/2026"
"1330661946";"VALPARAISO";"At--------";"complete";"8/10/2026"
"1330690139";"SAN ANTONIO";"At------At";"complete";"8/11/2026"
"1330706593";"SAN ANTONIO";"At--------";"complete";"8/10/2026"
"1330727204";"VINA DEL MAR";"At--------";"complete";"8/7/2026"
"1330730491";"SAN ANTONIO";"At--------";"complete";"8/13/2026"
"1331992572";"VINA DEL MAR";"At------At";"complete";"8/7/2026"
"1331993180";"VALPARAISO";"At--------";"complete";"8/15/2026"
"1331985564";"SAN ANTONIO";"At--------";"complete";"8/11/2026"
"1330779377";"VINA DEL MAR";"At------At";"complete";"8/7/2026"
"1330785600";"VINA DEL MAR";"At--------";"complete";"8/9/2026"
"1330197655";"SAN ANTONIO";"At--------";"complete";"8/5/2026"
"1330213731";"VINA DEL MAR";"At--------";"complete";"8/10/2026"
"1330214403";"VINA DEL MAR";"At--------";"complete";"8/11/2026"
"1330380625";"VALPARAISO";"At--------";"complete";"8/7/2026"
"1330663093";"VINA DEL MAR";"At--------";"complete";"8/8/2026"
"1330731517";"VINA DEL MAR";"At------At";"complete";"8/14/2026"
"1330735018";"VINA DEL MAR";"At--------";"complete";"8/7/2026"
"1330755419";"VINA DEL MAR";"At--------";"complete";"8/7/2026"
"1330791562";"VINA DEL MAR";"At--------";"complete";"8/11/2026"
"1330149137";"VINA DEL MAR";"At------At";"complete";"8/8/2026"
"1330200112";"SAN ANTONIO";"At------At";"complete";"8/7/2026"
"1330317118";"VALPARAISO";"At------At";"complete";"8/12/2026"
"1330339679";"SAN ANTONIO";"At--------";"complete";"8/11/2026"
"1330400721";"VINA DEL MAR";"At------At";"complete";"8/11/2026"
"1330456513";"VINA DEL MAR";"At------At";"complete";"8/6/2026"
"1330487538";"VINA DEL MAR";"At--------";"complete";"8/7/2026"
"1330511056";"VALPARAISO";"At--------";"complete";"8/7/2026"
"1330531044";"VINA DEL MAR";"At------At";"complete";"8/7/2026"
"1330576347";"VALPARAISO";"At--------";"complete";"8/9/2026"
"1330664634";"VINA DEL MAR";"At--------";"complete";"8/7/2026"
"1330732371";"SAN ANTONIO";"At--------";"complete";"8/11/2026"
"1330735859";"SAN ANTONIO";"At------At";"complete";"8/11/2026"
"1330791878";"VINA DEL MAR";"At--------";"complete";"8/10/2026"
"1330794131";"SAN ANTONIO";"At--------";"complete";"8/10/2026"
"1330808249";"VINA DEL MAR";"At--------";"complete";"8/12/2026"
"1330094702";"VINA DEL MAR";"At------At";"complete";"8/8/2026"
"1330094766";"VINA DEL MAR";"At--------";"complete";"8/5/2026"
"1330149744";"VALPARAISO";"At--------";"complete";"8/7/2026"
"1330257466";"VINA DEL MAR";"At------At";"complete";"8/5/2026"
"1330257581";"VALPARAISO";"At--------";"complete";"8/9/2026"
"1330277777";"VALPARAISO";"At--------";"complete";"8/7/2026"
"1330317880";"VALPARAISO";"At--------";"complete";"8/7/2026"
"1330319148";"VALPARAISO";"At--------";"complete";"8/5/2026"
"1330319661";"VINA DEL MAR";"At------At";"complete";"8/8/2026"
"1330523148";"VALPARAISO";"At--------";"complete";"8/7/2026"
"1330643011";"VINA DEL MAR";"At--------";"complete";"8/7/2026"
"1330669488";"VALPARAISO";"At--------";"complete";"8/10/2026"
"1330669562";"VALPARAISO";"At------At";"complete";"8/7/2026"
"1330732850";"VINA DEL MAR";"At--------";"complete";"8/8/2026"
"1330736669";"VINA DEL MAR";"At------At";"complete";"8/11/2026"
"1330073669";"VALPARAISO";"At------At";"complete";"8/7/2026"
"1330203779";"VINA DEL MAR";"At--------";"complete";"8/13/2026"
"1330238376";"VINA DEL MAR";"At------At";"complete";"8/8/2026"
"1330297606";"VINA DEL MAR";"At--------";"complete";"8/6/2026"
"1330320019";"VINA DEL MAR";"At--------";"complete";"8/6/2026"
"1330384087";"VALPARAISO";"At--------";"complete";"8/5/2026"
"1330469496";"VALPARAISO";"At------At";"complete";"8/10/2026"
"1330532204";"VINA DEL MAR";"At------At";"complete";"8/7/2026"
"1330532303";"VALPARAISO";"At------At";"complete";"8/7/2026"
"1330577966";"VINA DEL MAR";"At------At";"complete";"8/7/2026"
"1330609600";"VINA DEL MAR";"At--------";"complete";"8/11/2026"
"1330619783";"VINA DEL MAR";"At--------";"complete";"8/7/2026"
"1330684252";"VINA DEL MAR";"At--------";"complete";"8/8/2026"
"1330709923";"VINA DEL MAR";"At--------";"complete";"8/11/2026"
"1331662633";"SAN ANTONIO";"At--------";"complete";"8/11/2026"
"1331723183";"VINA DEL MAR";"At--------";"complete";"8/11/2026"
"1331745981";"VALPARAISO";"At--------";"complete";"8/10/2026"
"1330064596";"VINA DEL MAR";"At------At";"complete";"8/7/2026"
"1330097713";"VALPARAISO";"At--------";"complete";"8/7/2026"
"1330321126";"VALPARAISO";"At--------";"complete";"8/5/2026"
"1330343277";"VALPARAISO";"At--------";"complete";"8/7/2026"
"1330362223";"VINA DEL MAR";"At--------";"complete";"8/6/2026"
"1330422814";"VALPARAISO";"At--------";"complete";"8/5/2026"
"1330477482";"VINA DEL MAR";"At--------";"complete";"8/12/2026"
"1330489779";"VINA DEL MAR";"At------At";"complete";"8/10/2026"
"1330502278";"VINA DEL MAR";"At------At";"complete";"8/11/2026"
"1330602134";"VINA DEL MAR";"At------At";"complete";"8/6/2026"
"1330610579";"VINA DEL MAR";"At--------";"complete";"8/7/2026"
"1330620246";"SAN ANTONIO";"At--------";"complete";"8/10/2026"
"1330677226";"VALPARAISO";"At--------";"complete";"8/10/2026"
"1330700759";"VINA DEL MAR";"At--------";"complete";"8/7/2026"
"1330711084";"SAN ANTONIO";"At------At";"complete";"8/7/2026"
"1330744531";"VINA DEL MAR";"At--------";"complete";"8/8/2026"
"1330890845";"VALPARAISO";"At------At";"complete";"8/7/2026"
"1331738227";"VINA DEL MAR";"At--------";"complete";"8/12/2026"
"1330069669";"VINA DEL MAR";"At--------";"complete";"8/7/2026"
"1330069784";"VINA DEL MAR";"At------At";"complete";"8/7/2026"
"1330074314";"VINA DEL MAR";"At------At";"complete";"8/6/2026"
"1330074350";"VALPARAISO";"At--------";"complete";"8/7/2026"
"1330219860";"VALPARAISO";"At------At";"complete";"8/7/2026"
"1330281565";"VINA DEL MAR";"At------At";"complete";"8/14/2026"
"1330303456";"VALPARAISO";"At--------";"complete";"8/14/2026"
"1330324181";"VINA DEL MAR";"At------At";"complete";"8/10/2026"
"1330344035";"VALPARAISO";"At--------";"complete";"8/10/2026"
"1330423196";"VINA DEL MAR";"At------At";"complete";"8/8/2026"
"1330423464";"VINA DEL MAR";"At--------";"complete";"8/10/2026"
"1330490266";"VINA DEL MAR";"At--------";"complete";"8/7/2026"
"1330523931";"VALPARAISO";"At------At";"complete";"8/12/2026"
"1330603122";"VALPARAISO";"At--------";"complete";"8/10/2026"
"1330752452";"VALPARAISO";"At--------";"complete";"8/14/2026"
"1331751188";"VINA DEL MAR";"At------At";"complete";"8/11/2026"
"1331797403";"VALPARAISO";"At------At";"complete";"8/14/2026"
"1331805177";"VINA DEL MAR";"At--------";"complete";"8/10/2026"
"1331811829";"VINA DEL MAR";"At--------";"complete";"8/10/2026"
"1331816155";"VINA DEL MAR";"At--------";"complete";"8/12/2026"
"1331817520";"VALPARAISO";"At--------";"complete";"8/10/2026"
"1331822566";"VINA DEL MAR";"At--------";"complete";"8/10/2026"
"1330074442";"VINA DEL MAR";"At--------";"complete";"8/6/2026"
"1330206362";"VALPARAISO";"At------At";"complete";"8/5/2026"
"1330206488";"VINA DEL MAR";"At------At";"complete";"8/8/2026"
"1330242973";"SAN ANTONIO";"At--------";"complete";"8/6/2026"
"1330407829";"VINA DEL MAR";"At------At";"complete";"8/6/2026"
"1330444803";"SAN ANTONIO";"At--------";"complete";"8/6/2026"
"1330460511";"SAN ANTONIO";"At--------";"complete";"8/6/2026"
"1330470720";"VALPARAISO";"At--------";"complete";"8/7/2026"
"1330503469";"VINA DEL MAR";"At------At";"complete";"8/5/2026"
"1330603391";"VINA DEL MAR";"At------At";"complete";"8/13/2026"
"1330603425";"VINA DEL MAR";"At------At";"complete";"8/10/2026"
"1330672124";"VINA DEL MAR";"At--------";"complete";"8/11/2026"
"1330693694";"VALPARAISO";"At--------";"complete";"8/7/2026"
"1331777525";"SAN ANTONIO";"At------At";"complete";"8/11/2026"
"1331778549";"VALPARAISO";"At--------";"complete";"8/10/2026"
"1331813277";"VINA DEL MAR";"At--------";"complete";"8/9/2026"
"1331825505";"VINA DEL MAR";"At--------";"complete";"8/11/2026"
"1331840942";"VINA DEL MAR";"At--------";"complete";"8/11/2026"
"1331841529";"SAN ANTONIO";"At--------";"complete";"8/10/2026"
"1331865417";"VINA DEL MAR";"At------At";"complete";"8/8/2026"
"1331880941";"VINA DEL MAR";"At------At";"complete";"8/10/2026"
"1330098735";"VINA DEL MAR";"At------At";"complete";"8/5/2026"
"1330284328";"VINA DEL MAR";"At--------";"complete";"8/8/2026"
"1330445232";"VINA DEL MAR";"At------At";"complete";"8/7/2026"
"1330512749";"SAN ANTONIO";"At------At";"complete";"8/7/2026"
"1330519587";"VINA DEL MAR";"At--------";"complete";"8/7/2026"
"1330621806";"VINA DEL MAR";"At------At";"complete";"8/6/2026"
"1330679108";"SAN ANTONIO";"At--------";"complete";"8/10/2026"
"1330775056";"VINA DEL MAR";"At--------";"complete";"8/11/2026"
"1331920655";"VALPARAISO";"At------At";"complete";"8/11/2026"
"1331927905";"VALPARAISO";"At--------";"complete";"8/8/2026"
"1331929893";"VINA DEL MAR";"AtAt------";"complete";"8/12/2026"
"1330190761";"VINA DEL MAR";"At--------";"complete";"8/8/2026"
"1330305174";"VINA DEL MAR";"At--------";"complete";"8/7/2026"
"1330305512";"VALPARAISO";"At--------";"complete";"8/8/2026"
"1330305758";"SAN ANTONIO";"At------At";"complete";"8/7/2026"
"1330347431";"VINA DEL MAR";"At--------";"complete";"8/7/2026"
"1330348249";"VINA DEL MAR";"At------At";"complete";"8/12/2026"
"1330410393";"VINA DEL MAR";"At------At";"complete";"8/8/2026"
"1330427200";"VINA DEL MAR";"At--------";"complete";"8/5/2026"
"1330449339";"SAN ANTONIO";"At--------";"complete";"8/7/2026"
"1330471704";"VINA DEL MAR";"At--------";"complete";"8/7/2026"
"1330481018";"VALPARAISO";"At--------";"complete";"8/8/2026"
"1330481179";"SAN ANTONIO";"At--------";"complete";"8/7/2026"
"1330524740";"VINA DEL MAR";"At--------";"complete";"8/7/2026"
"1330604577";"VINA DEL MAR";"At--------";"complete";"8/8/2026"
"1330612873";"VINA DEL MAR";"At--------";"complete";"8/7/2026"
"1330622668";"VINA DEL MAR";"At--------";"complete";"8/10/2026"
"1331865807";"VINA DEL MAR";"At--------";"complete";"8/10/2026"
"1331884153";"VALPARAISO";"At------At";"complete";"8/11/2026"
"1331935652";"VALPARAISO";"At--------";"complete";"8/10/2026"
"1331935679";"SAN ANTONIO";"At--------";"complete";"8/10/2026"
"1330065915";"SAN ANTONIO";"At--------";"complete";"8/12/2026"
"1330191268";"VALPARAISO";"At--------";"complete";"8/11/2026"
"1330224772";"VINA DEL MAR";"At--------";"complete";"8/11/2026"
"1330224831";"VALPARAISO";"At------At";"complete";"8/7/2026"
"1330308438";"VINA DEL MAR";"At------At";"complete";"8/10/2026"
"1330348436";"SAN ANTONIO";"At--------";"complete";"8/10/2026"
"1330481384";"VALPARAISO";"At--------";"complete";"8/7/2026"
"1330505957";"VINA DEL MAR";"At--------";"complete";"8/11/2026"
"1330525157";"VINA DEL MAR";"At--------";"complete";"8/6/2026"
"1330525191";"VINA DEL MAR";"At--------";"complete";"8/7/2026"
"1330525374";"VINA DEL MAR";"At--------";"complete";"8/8/2026"
"1331906599";"VINA DEL MAR";"At------At";"complete";"8/13/2026"
"1331914005";"VINA DEL MAR";"At--------";"complete";"8/10/2026"
"1331937881";"SAN ANTONIO";"At------At";"complete";"8/10/2026"
"1331947121";"SAN ANTONIO";"At------At";"complete";"8/11/2026"
"1331950632";"VINA DEL MAR";"At------At";"complete";"8/7/2026"
"1331963854";"VINA DEL MAR";"At--------";"complete";"8/10/2026"
"1330777402";"VINA DEL MAR";"At--------";"complete";"8/10/2026"
"1330071185";"VALPARAISO";"At------At";"complete";"8/10/2026"
"1330210140";"VINA DEL MAR";"At------At";"complete";"8/8/2026"
"1330265841";"VINA DEL MAR";"At------At";"complete";"8/8/2026"
"1330308967";"VINA DEL MAR";"At------At";"complete";"8/11/2026"
"1330472644";"VINA DEL MAR";"At------At";"complete";"8/8/2026"
"1330525568";"VINA DEL MAR";"At--------";"complete";"8/12/2026"
"1330584032";"VALPARAISO";"At------At";"complete";"8/10/2026"
"1330704800";"VALPARAISO";"At--------";"complete";"8/11/2026"
"1331908539";"VINA DEL MAR";"At--------";"complete";"8/12/2026"
"1331979949";"SAN ANTONIO";"At--------";"complete";"8/10/2026"
"1330781256";"SAN ANTONIO";"At------At";"complete";"8/10/2026"
"1330790658";"VALPARAISO";"At--------";"complete";"8/10/2026"
"1330794411";"SAN ANTONIO";"At--------";"complete";"8/10/2026"
"1330172683";"VALPARAISO";"At--------";"complete";"8/14/2026"
"1330212025";"SAN ANTONIO";"At--------";"complete";"8/8/2026"
"1330351524";"VINA DEL MAR";"At--------";"complete";"8/6/2026"
"1330373570";"SAN ANTONIO";"At------At";"complete";"8/6/2026"
"1330395132";"VINA DEL MAR";"At--------";"complete";"8/6/2026"
"1330482717";"VALPARAISO";"At------At";"complete";"8/10/2026"
"1330514900";"VALPARAISO";"At--------";"complete";"8/7/2026"
"1330537398";"SAN ANTONIO";"At------At";"complete";"8/10/2026"
"1331986398";"VINA DEL MAR";"At------At";"complete";"8/8/2026"
"1331991453";"VALPARAISO";"At--------";"complete";"8/11/2026"
"1330792228";"SAN ANTONIO";"At--------";"complete";"8/10/2026"
"1330796768";"VALPARAISO";"At--------";"complete";"8/10/2026"
"1330796819";"VINA DEL MAR";"At--------";"complete";"8/11/2026"
"1330805385";"VINA DEL MAR";"At------At";"complete";"8/10/2026"
"1330814380";"VALPARAISO";"At------At";"complete";"8/10/2026"
"1330829441";"VALPARAISO";"At--------";"complete";"8/8/2026"
"1330071512";"SAN ANTONIO";"At--------";"complete";"8/10/2026"
"1330071590";"SAN ANTONIO";"At------At";"complete";"8/6/2026"
"1330194101";"VALPARAISO";"At--------";"complete";"8/7/2026"
"1330230489";"VALPARAISO";"At--------";"complete";"8/7/2026"
"1330432186";"VINA DEL MAR";"At------At";"complete";"8/8/2026"
"1325785942";"VALPARAISO";"At------At";"complete";"8/6/2026"
"1325788227";"VINA DEL MAR";"At--------";"complete";"8/5/2026"
"1326437141";"VINA DEL MAR";"At--------";"complete";"8/1/2026"
"1326702851";"VINA DEL MAR";"At--------";"complete";"8/4/2026"
"1327311641";"VALPARAISO";"At--------";"complete";"8/4/2026"
"1327322793";"SAN ANTONIO";"At--------";"complete";"8/4/2026"
"1327322797";"VALPARAISO";"At--------";"complete";"8/3/2026"
"1327366912";"VINA DEL MAR";"At--------";"complete";"8/5/2026"
"1327366964";"SAN ANTONIO";"At--------";"complete";"8/4/2026"
"1327380195";"VINA DEL MAR";"At--------";"complete";"8/3/2026"
"1327399737";"VINA DEL MAR";"At--------";"complete";"8/3/2026"
"1327402209";"VINA DEL MAR";"At--------";"complete";"8/3/2026"
"1327403046";"VALPARAISO";"At--------";"complete";"8/3/2026"
"1327425912";"VALPARAISO";"At------At";"complete";"8/6/2026"
"1327535385";"VINA DEL MAR";"At--------";"complete";"8/3/2026"
"1327554207";"SAN ANTONIO";"At------At";"complete";"8/12/2026"
"1317085189";"VINA DEL MAR";"At--------";"complete";"8/8/2026"
"1323495177";"VALPARAISO";"At------At";"complete";"8/1/2026"
"1324649003";"VALPARAISO";"At--------";"complete";"8/1/2026"
"1324962296";"VALPARAISO";"At--------";"complete";"8/3/2026"
"1325129480";"VINA DEL MAR";"At--------";"complete";"8/3/2026"
"1325325411";"VINA DEL MAR";"At--------";"complete";"8/1/2026"
"1325559277";"VALPARAISO";"At--------";"complete";"8/4/2026"
"1325790006";"VALPARAISO";"At------At";"complete";"8/1/2026"
"1325792480";"VINA DEL MAR";"At------At";"complete";"8/1/2026"
"1325794469";"SAN ANTONIO";"At--------";"complete";"8/3/2026"
"1326346389";"VINA DEL MAR";"At--------";"complete";"8/1/2026"
"1326710533";"VINA DEL MAR";"At--------";"complete";"8/1/2026"
"1327113983";"VALPARAISO";"At------At";"complete";"8/1/2026"
"1327265177";"VALPARAISO";"At--------";"complete";"8/6/2026"
"1327284631";"SAN ANTONIO";"At--------";"complete";"8/4/2026"
"1327294376";"VINA DEL MAR";"At------At";"complete";"8/3/2026"
"1327304525";"VALPARAISO";"At------At";"complete";"8/4/2026"
"1327359405";"VINA DEL MAR";"At--------";"complete";"8/3/2026"
"1327367456";"VALPARAISO";"At------At";"complete";"8/4/2026"
"1327368247";"VINA DEL MAR";"At------At";"complete";"8/1/2026"
"1327406998";"SAN ANTONIO";"At------At";"complete";"8/3/2026"
"1327414007";"VINA DEL MAR";"At------At";"complete";"8/3/2026"
"1327417744";"VALPARAISO";"At--------";"complete";"8/3/2026"
"1327656097";"VALPARAISO";"At------At";"complete";"8/5/2026"
"1323508025";"VALPARAISO";"At------At";"complete";"8/1/2026"
"1324460876";"VALPARAISO";"At--------";"complete";"8/1/2026"
"1325331391";"VINA DEL MAR";"At--------";"complete";"8/3/2026"
"1325331942";"VINA DEL MAR";"At------At";"complete";"8/4/2026"
"1325857236";"VINA DEL MAR";"At------At";"complete";"8/1/2026"
"1325858493";"VINA DEL MAR";"At------At";"complete";"8/4/2026"
"1326142642";"VINA DEL MAR";"At--------";"complete";"8/3/2026"
"1326779349";"VINA DEL MAR";"At--------";"complete";"8/4/2026"
"1327115537";"VINA DEL MAR";"At--------";"complete";"8/3/2026"
"1327116619";"VINA DEL MAR";"At--------";"complete";"8/3/2026"
"1327119875";"VINA DEL MAR";"At------At";"complete";"8/3/2026"
"1327266095";"VINA DEL MAR";"At--------";"complete";"8/1/2026"
"1327280036";"VINA DEL MAR";"At--------";"complete";"8/3/2026"
"1327335490";"VALPARAISO";"At------At";"complete";"8/12/2026"
"1327360165";"VINA DEL MAR";"At--------";"complete";"8/2/2026"
"1327430803";"VINA DEL MAR";"At--------";"complete";"8/3/2026"
"1327658518";"VALPARAISO";"At--------";"complete";"8/4/2026"
"1328055913";"VINA DEL MAR";"At--------";"complete";"8/4/2026"
"1322880764";"VALPARAISO";"At--------";"complete";"8/7/2026"
"1323081841";"VALPARAISO";"At--------";"complete";"8/3/2026"
"1323082848";"VINA DEL MAR";"At--------";"complete";"8/1/2026"
"1324487260";"VINA DEL MAR";"At------At";"complete";"8/6/2026"
"1326765087";"VINA DEL MAR";"At--------";"complete";"8/1/2026"
"1327267204";"VINA DEL MAR";"At------At";"complete";"8/3/2026"
"1327348872";"VALPARAISO";"At--------";"complete";"8/4/2026"
"1327412619";"VINA DEL MAR";"At--------";"complete";"8/3/2026"
"1327419604";"VINA DEL MAR";"At--------";"complete";"8/3/2026"
"1327684470";"VINA DEL MAR";"At--------";"complete";"8/3/2026"
"1327691150";"VINA DEL MAR";"At--------";"complete";"8/4/2026"
"1327707204";"VALPARAISO";"At--------";"complete";"8/5/2026"
"1322369832";"VALPARAISO";"At--------";"complete";"8/3/2026"
"1325144605";"VINA DEL MAR";"At--------";"complete";"8/1/2026"
"1325702351";"VALPARAISO";"At--------";"complete";"8/4/2026"
"1326156103";"SAN ANTONIO";"At------At";"complete";"8/1/2026"
"1326459459";"VALPARAISO";"At--------";"complete";"8/1/2026"
"1326781454";"VALPARAISO";"At------At";"complete";"8/3/2026"
"1327194942";"SAN ANTONIO";"At--------";"complete";"8/1/2026"
"1327298959";"VINA DEL MAR";"At--------";"complete";"8/3/2026"
"1327306636";"SAN ANTONIO";"At--------";"complete";"8/4/2026"
"1327326455";"SAN ANTONIO";"At--------";"complete";"8/1/2026"
"1327420088";"SAN ANTONIO";"At--------";"complete";"8/3/2026"
"1327420504";"SAN ANTONIO";"At--------";"complete";"8/5/2026"
"1327428599";"VALPARAISO";"At--------";"complete";"8/1/2026"
"1325253028";"VINA DEL MAR";"At------At";"complete";"8/5/2026"
"1325662961";"SAN ANTONIO";"At--------";"complete";"8/7/2026"
"1325705080";"VALPARAISO";"At--------";"complete";"8/13/2026"
"1326158199";"VINA DEL MAR";"At------At";"complete";"8/1/2026"
"1326466865";"VALPARAISO";"At--------";"complete";"8/1/2026"
"1326649742";"VINA DEL MAR";"At--------";"complete";"8/3/2026"
"1326766140";"VALPARAISO";"At--------";"complete";"8/1/2026"
"1326785135";"VINA DEL MAR";"At------At";"complete";"8/4/2026"
"1327128465";"VALPARAISO";"At--------";"complete";"8/1/2026"
"1327202030";"VINA DEL MAR";"At--------";"complete";"8/4/2026"
"1327352725";"SAN ANTONIO";"At--------";"complete";"8/4/2026"
"1327756575";"VINA DEL MAR";"At------At";"complete";"8/5/2026"
"1327759914";"VINA DEL MAR";"At--------";"complete";"8/1/2026"
"1323138725";"VALPARAISO";"At--------";"complete";"8/3/2026"
"1323542607";"VINA DEL MAR";"At------At";"complete";"8/3/2026"
"1325254823";"VALPARAISO";"At------At";"complete";"8/5/2026"
"1325255540";"VINA DEL MAR";"At------At";"complete";"8/3/2026"
"1325592730";"VINA DEL MAR";"At--------";"complete";"8/1/2026"
"1325752962";"VALPARAISO";"At--------";"complete";"8/3/2026"
"1326382043";"VALPARAISO";"At--------";"complete";"8/1/2026"
"1326468747";"SAN ANTONIO";"At--------";"complete";"8/1/2026"
"1326470902";"VALPARAISO";"At--------";"complete";"8/1/2026"
"1326786863";"VINA DEL MAR";"At--------";"complete";"8/3/2026"
"1327137431";"VINA DEL MAR";"At--------";"complete";"8/1/2026"
"1327292227";"VINA DEL MAR";"At--------";"complete";"8/3/2026"
"1327309708";"VINA DEL MAR";"At--------";"complete";"8/2/2026"
"1327309716";"VINA DEL MAR";"At--------";"complete";"8/1/2026"
"1327317292";"VALPARAISO";"At--------";"complete";"8/4/2026"
"1327327608";"SAN ANTONIO";"At------At";"complete";"8/5/2026"
"1327666245";"VINA DEL MAR";"At--------";"complete";"8/4/2026"
"1327767914";"VINA DEL MAR";"At------At";"complete";"8/3/2026"
"1327790588";"VINA DEL MAR";"At--------";"complete";"8/3/2026"
"1327795249";"SAN ANTONIO";"At------At";"complete";"8/3/2026"
"1322924127";"VINA DEL MAR";"At------At";"complete";"8/1/2026"
"1322928489";"VALPARAISO";"At--------";"complete";"8/1/2026"
"1324796522";"VINA DEL MAR";"At------At";"complete";"8/5/2026"
"1324995609";"SAN ANTONIO";"At--------";"complete";"8/1/2026"
"1325083239";"SAN ANTONIO";"At------At";"complete";"8/7/2026"
"1325266022";"VALPARAISO";"At--------";"complete";"8/3/2026"
"1325756904";"VINA DEL MAR";"At--------";"complete";"8/1/2026"
"1327057230";"SAN ANTONIO";"At--------";"complete";"8/3/2026"
"1327142851";"SAN ANTONIO";"At------At";"complete";"8/3/2026"
"1327144444";"VINA DEL MAR";"At--------";"complete";"8/1/2026"
"1327145082";"VINA DEL MAR";"At--------";"complete";"8/7/2026"
"1327329398";"SAN ANTONIO";"At--------";"complete";"8/4/2026"
"1327373535";"VALPARAISO";"At------At";"complete";"8/1/2026"
"1327444312";"VINA DEL MAR";"At--------";"complete";"8/1/2026"
"1327667752";"VINA DEL MAR";"At--------";"complete";"8/3/2026"
"1327821696";"VINA DEL MAR";"At--------";"complete";"8/5/2026"
"1327821868";"VINA DEL MAR";"At--------";"complete";"8/3/2026"
"1318075154";"VINA DEL MAR";"At--------";"complete";"8/1/2026"
"1323153918";"VINA DEL MAR";"At--------";"complete";"8/3/2026"
"1325086004";"VALPARAISO";"At--------";"complete";"8/4/2026"
"1325086106";"VINA DEL MAR";"At------At";"complete";"8/3/2026"
"1325175360";"VINA DEL MAR";"At--------";"complete";"8/1/2026"
"1325267665";"VINA DEL MAR";"At------At";"complete";"8/6/2026"
"1325380587";"VALPARAISO";"At--------";"complete";"8/4/2026"
"1326400951";"SAN ANTONIO";"At--------";"complete";"8/7/2026"
"1326800220";"SAN ANTONIO";"At--------";"complete";"8/4/2026"
"1327071988";"VALPARAISO";"At------At";"complete";"8/4/2026"
"1327149020";"VINA DEL MAR";"At--------";"complete";"8/3/2026"
"1327330621";"VINA DEL MAR";"At--------";"complete";"8/3/2026"
"1327342049";"SAN ANTONIO";"At------At";"complete";"8/7/2026"
"1327364116";"SAN ANTONIO";"At--------";"complete";"8/5/2026"
"1318153515";"VINA DEL MAR";"At------At";"complete";"8/10/2026"
"1323571596";"VINA DEL MAR";"At--------";"complete";"8/1/2026"
"1324563158";"VINA DEL MAR";"At------At";"complete";"8/3/2026"
"1324837924";"VALPARAISO";"At------At";"complete";"8/1/2026"
"1325669148";"VINA DEL MAR";"At------At";"complete";"8/4/2026"
"1325764877";"VINA DEL MAR";"At------At";"complete";"8/3/2026"
"1325893085";"VINA DEL MAR";"At--------";"complete";"8/3/2026"
"1326100847";"VALPARAISO";"At--------";"complete";"8/1/2026"
"1326104315";"VALPARAISO";"At--------";"complete";"8/1/2026"
"1326749412";"SAN ANTONIO";"At--------";"complete";"8/3/2026"
"1326769911";"VALPARAISO";"At--------";"complete";"8/1/2026"
"1326769925";"VINA DEL MAR";"At--------";"complete";"8/5/2026"
"1326804989";"VINA DEL MAR";"At--------";"complete";"8/3/2026"
"1327321761";"VALPARAISO";"At--------";"complete";"8/3/2026"
"1327342422";"VALPARAISO";"At--------";"complete";"8/1/2026"
"1327615554";"VALPARAISO";"At--------";"complete";"8/3/2026"
"1327811486";"VINA DEL MAR";"At------At";"complete";"8/4/2026"
"1327852675";"VINA DEL MAR";"At------At";"complete";"8/1/2026"
"1327915927";"SAN ANTONIO";"At------At";"complete";"8/1/2026"
"1324575127";"VINA DEL MAR";"At--------";"complete";"8/1/2026"
"1325280097";"VINA DEL MAR";"At------At";"complete";"8/3/2026"
"1325767362";"VINA DEL MAR";"At------At";"complete";"8/1/2026"
"1325767542";"VINA DEL MAR";"At------At";"complete";"8/1/2026"
"1326106955";"VINA DEL MAR";"At--------";"complete";"8/4/2026"
"1326571194";"SAN ANTONIO";"At------At";"complete";"8/3/2026"
"1326750062";"VINA DEL MAR";"At--------";"complete";"8/5/2026"
"1326771077";"VALPARAISO";"At--------";"complete";"8/1/2026"
"1326813816";"VALPARAISO";"At--------";"complete";"8/3/2026"
"1327355728";"VINA DEL MAR";"At--------";"complete";"8/4/2026"
"1327619918";"VALPARAISO";"At------At";"complete";"8/6/2026"
"1327894768";"VINA DEL MAR";"At--------";"complete";"8/4/2026"
"1327907252";"SAN ANTONIO";"At--------";"complete";"8/7/2026"
"1327925740";"SAN ANTONIO";"At--------";"complete";"8/7/2026"
"1327968924";"VINA DEL MAR";"At--------";"complete";"8/4/2026"
"1322661214";"VINA DEL MAR";"At--------";"complete";"8/1/2026"
"1323426803";"VALPARAISO";"At--------";"complete";"8/11/2026"
"1325014190";"VALPARAISO";"At------At";"complete";"8/6/2026"
"1325094215";"VINA DEL MAR";"At--------";"complete";"8/1/2026"
"1326110675";"VINA DEL MAR";"At--------";"complete";"8/1/2026"
"1326490723";"SAN ANTONIO";"At------At";"complete";"8/1/2026"
"1326680996";"VINA DEL MAR";"At--------";"complete";"8/3/2026"
"1326752276";"VALPARAISO";"At------At";"complete";"8/3/2026"
"1326752458";"SAN ANTONIO";"At------At";"complete";"8/3/2026"
"1326771642";"VINA DEL MAR";"At--------";"complete";"8/3/2026"
"1327224210";"VINA DEL MAR";"At--------";"complete";"8/3/2026"
"1327377589";"SAN ANTONIO";"At--------";"complete";"8/5/2026"
"1327388942";"SAN ANTONIO";"At------At";"complete";"8/3/2026"
"1327651803";"SAN ANTONIO";"At--------";"complete";"8/1/2026"
"1327874842";"VINA DEL MAR";"At--------";"complete";"8/4/2026"
"1327876362";"VINA DEL MAR";"At--------";"complete";"8/3/2026"
"1327903655";"VINA DEL MAR";"At--------";"complete";"8/8/2026"
"1327928684";"VINA DEL MAR";"At--------";"complete";"8/4/2026"
"1327936155";"VINA DEL MAR";"At------At";"complete";"8/10/2026"
"1327971793";"VINA DEL MAR";"At--------";"complete";"8/8/2026"
"1327990641";"VALPARAISO";"AtAt------";"complete";"8/3/2026"
"1325100026";"VINA DEL MAR";"At--------";"complete";"8/3/2026"
"1325832007";"VINA DEL MAR";"At--------";"complete";"8/3/2026"
"1325901233";"VALPARAISO";"At------At";"complete";"8/1/2026"
"1326111407";"SAN ANTONIO";"At--------";"complete";"8/7/2026"
"1326216006";"VINA DEL MAR";"At--------";"complete";"8/12/2026"
"1326219218";"VALPARAISO";"At------At";"complete";"8/4/2026"
"1326823726";"SAN ANTONIO";"At------At";"complete";"8/4/2026"
"1327167853";"VALPARAISO";"At------At";"complete";"8/4/2026"
"1327227206";"VALPARAISO";"At--------";"complete";"8/1/2026"
"1327356821";"VINA DEL MAR";"At--------";"complete";"8/1/2026"
"1327900250";"VINA DEL MAR";"At--------";"complete";"8/4/2026"
"1327914860";"VALPARAISO";"At------At";"complete";"8/12/2026"
"1327931596";"VINA DEL MAR";"At--------";"complete";"8/8/2026"
"1327936467";"VINA DEL MAR";"At--------";"complete";"8/5/2026"
"1327961689";"VALPARAISO";"At------At";"complete";"8/6/2026"
"1327972085";"VALPARAISO";"At------At";"complete";"8/4/2026"
"1327983276";"VINA DEL MAR";"At--------";"complete";"8/4/2026"
"1328011636";"SAN ANTONIO";"At--------";"complete";"8/5/2026"
"1328020458";"VALPARAISO";"At------At";"complete";"8/3/2026"
"1325031534";"SAN ANTONIO";"At--------";"complete";"8/1/2026"
"1325198080";"VALPARAISO";"At--------";"complete";"8/3/2026"
"1325676498";"VALPARAISO";"At------At";"complete";"8/5/2026"
"1327932820";"VINA DEL MAR";"At--------";"complete";"8/4/2026"
"1327964646";"VINA DEL MAR";"At--------";"complete";"8/3/2026"
"1327974572";"VALPARAISO";"At--------";"complete";"8/7/2026"
"1327984673";"VINA DEL MAR";"At--------";"complete";"8/4/2026"
"1328031242";"VINA DEL MAR";"At------At";"complete";"8/4/2026"
"1327680927";"SAN ANTONIO";"At--------";"complete";"8/8/2026"
"1327716009";"VINA DEL MAR";"At------At";"complete";"8/6/2026"
"1327716014";"SAN ANTONIO";"At------At";"complete";"8/5/2026"
"1324632219";"VALPARAISO";"At------At";"complete";"8/1/2026"
"1324947679";"VINA DEL MAR";"At--------";"complete";"8/1/2026"
"1325041709";"VINA DEL MAR";"At--------";"complete";"8/1/2026"
"1325779145";"VALPARAISO";"At--------";"complete";"8/4/2026"
"1326120529";"VINA DEL MAR";"At--------";"complete";"8/1/2026"
"1326222498";"VALPARAISO";"At--------";"complete";"8/1/2026"
"1326322785";"SAN ANTONIO";"At--------";"complete";"8/1/2026"
"1326694791";"VALPARAISO";"At--------";"complete";"8/3/2026"
"1326757866";"SAN ANTONIO";"At--------";"complete";"8/3/2026"
"1326849980";"SAN ANTONIO";"At--------";"complete";"8/7/2026"
"1327097011";"VINA DEL MAR";"At--------";"complete";"8/1/2026"
"1327380087";"VINA DEL MAR";"At--------";"complete";"8/3/2026"
"1327396489";"VINA DEL MAR";"At--------";"complete";"8/3/2026"
"1327979733";"VINA DEL MAR";"At--------";"complete";"8/4/2026"
"1328027460";"VALPARAISO";"At--------";"complete";"8/3/2026"
"1328041815";"VINA DEL MAR";"At--------";"complete";"8/4/2026"
"1327681467";"VINA DEL MAR";"At--------";"complete";"8/4/2026"
"1327687285";"VALPARAISO";"At--------";"complete";"8/3/2026"
"1327694660";"VINA DEL MAR";"At--------";"complete";"8/3/2026"
"1327703730";"VALPARAISO";"At--------";"complete";"8/5/2026"
"1327710948";"VINA DEL MAR";"At--------";"complete";"8/7/2026"
"1322787223";"VINA DEL MAR";"At------At";"complete";"8/6/2026"
"1325683575";"VINA DEL MAR";"At--------";"complete";"8/1/2026"
"1326429137";"SAN ANTONIO";"At------At";"complete";"8/3/2026"
"1326505314";"VALPARAISO";"At------At";"complete";"8/4/2026"
"1326616937";"VALPARAISO";"At--------";"complete";"8/10/2026"
"1327097927";"VALPARAISO";"At--------";"complete";"8/4/2026"
"1327994676";"VINA DEL MAR";"At--------";"complete";"8/4/2026"
"1328001417";"SAN ANTONIO";"At--------";"complete";"8/4/2026"
"1328053940";"SAN ANTONIO";"At--------";"complete";"8/4/2026"
"1328054174";"VINA DEL MAR";"At--------";"complete";"8/3/2026"
"1328095923";"VINA DEL MAR";"At--------";"complete";"8/4/2026"
"1328109549";"VALPARAISO";"At------At";"complete";"8/5/2026"
"1327711741";"SAN ANTONIO";"At--------";"complete";"8/5/2026"
"1327711897";"VINA DEL MAR";"At------At";"complete";"8/4/2026"
"1327733876";"VALPARAISO";"At--------";"complete";"8/5/2026"
"1327744127";"VALPARAISO";"At------At";"complete";"8/5/2026"
"1327749665";"SAN ANTONIO";"At------At";"complete";"8/5/2026"
"1327779493";"VINA DEL MAR";"At--------";"complete";"8/3/2026"
"1324646177";"VALPARAISO";"At--------";"complete";"8/5/2026"
"1325316787";"VINA DEL MAR";"At--------";"complete";"8/3/2026"
"1325320487";"VINA DEL MAR";"At------At";"complete";"8/3/2026"
"1325545865";"VALPARAISO";"At--------";"complete";"8/1/2026"
"1325733363";"VINA DEL MAR";"At------At";"complete";"8/7/2026"
"1329282688";"VINA DEL MAR";"At------At";"complete";"8/5/2026"
"1329283849";"VINA DEL MAR";"At------At";"complete";"8/5/2026"
"1329284252";"SAN ANTONIO";"At--------";"complete";"8/6/2026"
"1329397533";"SAN ANTONIO";"At--------";"complete";"8/4/2026"
"1329428691";"SAN ANTONIO";"At------At";"complete";"8/15/2026"
"1329470067";"VINA DEL MAR";"At--------";"complete";"8/5/2026"
"1329475948";"VINA DEL MAR";"At--------";"complete";"8/5/2026"
"1329476082";"VALPARAISO";"At--------";"complete";"8/6/2026"
"1329482144";"SAN ANTONIO";"At--------";"complete";"8/5/2026"
"1329486354";"VALPARAISO";"At--------";"complete";"8/4/2026"
"1329496145";"VINA DEL MAR";"At------At";"complete";"8/4/2026"
"1329549951";"VINA DEL MAR";"At------At";"complete";"8/6/2026"
"1329557356";"VINA DEL MAR";"At------At";"complete";"8/5/2026"
"1329561339";"VALPARAISO";"At------At";"complete";"8/6/2026"
"1329690451";"VALPARAISO";"At--------";"complete";"8/8/2026"
"1328533847";"VINA DEL MAR";"At--------";"complete";"8/3/2026"
"1328667306";"VINA DEL MAR";"At------At";"complete";"8/3/2026"
"1328732129";"VALPARAISO";"At------At";"complete";"8/5/2026"
"1328960469";"VINA DEL MAR";"At--------";"complete";"8/4/2026"
"1329012773";"VINA DEL MAR";"At--------";"complete";"8/4/2026"
"1329062770";"VALPARAISO";"At--------";"complete";"8/3/2026"
"1329429363";"VINA DEL MAR";"At--------";"complete";"8/8/2026"
"1329444655";"VINA DEL MAR";"At--------";"complete";"8/5/2026"
"1329482390";"SAN ANTONIO";"At--------";"complete";"8/7/2026"
"1329482516";"VALPARAISO";"At--------";"complete";"8/12/2026"
"1329524315";"VINA DEL MAR";"At--------";"complete";"8/5/2026"
"1329524625";"VINA DEL MAR";"At------At";"complete";"8/6/2026"
"1329537196";"VALPARAISO";"At--------";"complete";"8/5/2026"
"1329537396";"VINA DEL MAR";"At------At";"complete";"8/12/2026"
"1329550006";"VALPARAISO";"At------At";"complete";"8/5/2026"
"1329558180";"VALPARAISO";"At------At";"complete";"8/6/2026"
"1329560174";"VINA DEL MAR";"At--------";"complete";"8/5/2026"
"1329574813";"VINA DEL MAR";"At--------";"complete";"8/6/2026"
"1329733992";"VALPARAISO";"At------At";"complete";"8/8/2026"
"1328496896";"VINA DEL MAR";"At------At";"complete";"8/7/2026"
"1328534985";"VALPARAISO";"At------At";"complete";"8/4/2026"
"1328593681";"VALPARAISO";"At------At";"complete";"8/4/2026"
"1328595599";"VINA DEL MAR";"At--------";"complete";"8/5/2026"
"1328626212";"VINA DEL MAR";"At------At";"complete";"8/6/2026"
"1328738011";"VINA DEL MAR";"At--------";"complete";"8/3/2026"
"1328951290";"VINA DEL MAR";"At--------";"complete";"8/5/2026"
"1328951436";"SAN ANTONIO";"At--------";"complete";"8/4/2026"
"1328960973";"VINA DEL MAR";"At--------";"complete";"8/5/2026"
"1329015776";"VINA DEL MAR";"At--------";"complete";"8/6/2026"
"1329065098";"VINA DEL MAR";"At------At";"complete";"8/5/2026"
"1329065166";"VINA DEL MAR";"At--------";"complete";"8/5/2026"
"1329236021";"VINA DEL MAR";"At--------";"complete";"8/5/2026"
"1329269052";"VALPARAISO";"At------At";"complete";"8/7/2026"
"1329335712";"VALPARAISO";"At--------";"complete";"8/6/2026"
"1329383494";"VINA DEL MAR";"At------At";"complete";"8/6/2026"
"1329448735";"VALPARAISO";"At--------";"complete";"8/7/2026"
"1329469024";"VINA DEL MAR";"At--------";"complete";"8/5/2026"
"1329496843";"VALPARAISO";"At------At";"complete";"8/7/2026"
"1329515639";"VALPARAISO";"At--------";"complete";"8/4/2026"
"1329531072";"VALPARAISO";"At------At";"complete";"8/5/2026"
"1329531215";"VALPARAISO";"At--------";"complete";"8/6/2026"
"1329544555";"VINA DEL MAR";"At--------";"complete";"8/5/2026"
"1329587255";"VALPARAISO";"At------At";"complete";"8/7/2026"
"1329587450";"VINA DEL MAR";"At------At";"complete";"8/4/2026"
"1329587661";"VINA DEL MAR";"At------At";"complete";"8/4/2026"
"1329707777";"VINA DEL MAR";"At--------";"complete";"8/4/2026"
"1329736827";"VINA DEL MAR";"At--------";"complete";"8/6/2026"
"1330014586";"VALPARAISO";"At--------";"complete";"8/6/2026"
"1330016799";"VINA DEL MAR";"At--------";"complete";"8/7/2026"
"1328516182";"VINA DEL MAR";"At--------";"complete";"8/8/2026"
"1328670370";"VINA DEL MAR";"At------At";"complete";"8/14/2026"
"1328739060";"SAN ANTONIO";"At------At";"complete";"8/10/2026"
"1328742406";"VINA DEL MAR";"At------At";"complete";"8/5/2026"
"1329019225";"SAN ANTONIO";"At--------";"complete";"8/5/2026"
"1329134693";"VINA DEL MAR";"At--------";"complete";"8/8/2026"
"1329180491";"VALPARAISO";"At------At";"complete";"8/5/2026"
"1329203782";"VINA DEL MAR";"At--------";"complete";"8/5/2026"
"1329319267";"VINA DEL MAR";"At--------";"complete";"8/8/2026"
"1329353979";"VINA DEL MAR";"At--------";"complete";"8/6/2026"
"1329371132";"VINA DEL MAR";"At--------";"complete";"8/5/2026"
"1329371209";"SAN ANTONIO";"At------At";"complete";"8/6/2026"
"1329431505";"SAN ANTONIO";"At--------";"complete";"8/6/2026"
"1329474461";"VINA DEL MAR";"At--------";"complete";"8/5/2026"
"1329551869";"VALPARAISO";"At--------";"complete";"8/4/2026"
"1329560787";"VINA DEL MAR";"At------At";"complete";"8/6/2026"
"1329695346";"VINA DEL MAR";"At------At";"complete";"8/4/2026"
"1329708011";"VINA DEL MAR";"At--------";"complete";"8/6/2026"
"1329708203";"VALPARAISO";"At------At";"complete";"8/6/2026"
"1329708214";"VINA DEL MAR";"At--------";"complete";"8/10/2026"
"1329708288";"VINA DEL MAR";"At--------";"complete";"8/6/2026"
"1329737528";"VINA DEL MAR";"At--------";"complete";"8/7/2026"
"1330025006";"VINA DEL MAR";"At------At";"complete";"8/7/2026"
"1330025211";"VINA DEL MAR";"At------At";"complete";"8/5/2026"
"1329757725";"VINA DEL MAR";"At--------";"complete";"8/8/2026"
"1329758178";"VINA DEL MAR";"At--------";"complete";"8/5/2026"
"1329763701";"VALPARAISO";"At--------";"complete";"8/6/2026"
"1328563038";"SAN ANTONIO";"At------At";"complete";"8/8/2026"
"1328965129";"VINA DEL MAR";"At--------";"complete";"8/4/2026"
"1329239488";"VALPARAISO";"At------At";"complete";"8/5/2026"
"1329371343";"VINA DEL MAR";"At------At";"complete";"8/6/2026"
"1329449865";"VALPARAISO";"At------At";"complete";"8/6/2026"
"1329538958";"VINA DEL MAR";"At--------";"complete";"8/4/2026"
"1329569411";"VINA DEL MAR";"At--------";"complete";"8/7/2026"
"1329579446";"VALPARAISO";"At------At";"complete";"8/6/2026"
"1328114321";"VALPARAISO";"At------At";"complete";"8/3/2026"
"1328499846";"VINA DEL MAR";"At------At";"complete";"8/1/2026"
"1328851149";"VALPARAISO";"At--------";"complete";"8/6/2026"
"1328970793";"VINA DEL MAR";"At--------";"complete";"8/4/2026"
"1329075917";"VALPARAISO";"At--------";"complete";"8/5/2026"
"1329206733";"VINA DEL MAR";"At--------";"complete";"8/8/2026"
"1329287050";"VINA DEL MAR";"At--------";"complete";"8/6/2026"
"1329340610";"VINA DEL MAR";"At--------";"complete";"8/5/2026"
"1329371886";"SAN ANTONIO";"At------At";"complete";"8/6/2026"
"1329500059";"SAN ANTONIO";"At--------";"complete";"8/8/2026"
"1329508929";"VINA DEL MAR";"At------At";"complete";"8/5/2026"
"1329532477";"VALPARAISO";"At------At";"complete";"8/12/2026"
"1329581263";"VALPARAISO";"At--------";"complete";"8/5/2026"
"1329591550";"VINA DEL MAR";"At------At";"complete";"8/6/2026"
"1329660557";"VALPARAISO";"At--------";"complete";"8/5/2026"
"1329684802";"VINA DEL MAR";"At--------";"complete";"8/13/2026"
"1329698415";"VALPARAISO";"At--------";"complete";"8/7/2026"
"1328422726";"VINA DEL MAR";"At--------";"complete";"8/1/2026"
"1328501341";"VALPARAISO";"At--------";"complete";"8/4/2026"
"1328501719";"VALPARAISO";"At--------";"complete";"8/8/2026"
"1328601370";"VALPARAISO";"At------At";"complete";"8/1/2026"
"1328601418";"VALPARAISO";"At--------";"complete";"8/1/2026"
"1328853053";"VALPARAISO";"At--------";"complete";"8/4/2026"
"1328853313";"VINA DEL MAR";"At--------";"complete";"8/7/2026"
"1328895050";"VINA DEL MAR";"At--------";"complete";"8/5/2026"
"1328936895";"VINA DEL MAR";"At--------";"complete";"8/4/2026"
"1329273052";"VINA DEL MAR";"At------At";"complete";"8/10/2026"
"1329288275";"VINA DEL MAR";"At--------";"complete";"8/4/2026"
"1329358067";"VINA DEL MAR";"At------At";"complete";"8/5/2026"
"1329435897";"VINA DEL MAR";"At--------";"complete";"8/6/2026"
"1329501459";"VINA DEL MAR";"At--------";"complete";"8/8/2026"
"1329509796";"VINA DEL MAR";"At--------";"complete";"8/6/2026"
"1329509857";"VALPARAISO";"At--------";"complete";"8/3/2026"
"1329526573";"VINA DEL MAR";"At--------";"complete";"8/6/2026"
"1329724586";"VINA DEL MAR";"At--------";"complete";"8/7/2026"
"1329819136";"SAN ANTONIO";"At--------";"complete";"8/7/2026"
"1328523420";"VALPARAISO";"At--------";"complete";"8/1/2026"
"1328567232";"SAN ANTONIO";"At--------";"complete";"8/6/2026"
"1328569323";"SAN ANTONIO";"At--------";"complete";"8/6/2026"
"1328777072";"VALPARAISO";"At------At";"complete";"8/13/2026"
"1329082884";"VINA DEL MAR";"At--------";"complete";"8/8/2026"
"1329207570";"VINA DEL MAR";"At------At";"complete";"8/5/2026"
"1329207668";"VINA DEL MAR";"At------At";"complete";"8/4/2026"
"1329453008";"VINA DEL MAR";"At--------";"complete";"8/6/2026"
"1329453042";"VINA DEL MAR";"At------At";"complete";"8/6/2026"
"1329527206";"VINA DEL MAR";"At--------";"complete";"8/4/2026"
"1329533304";"VINA DEL MAR";"At--------";"complete";"8/5/2026"
"1329533484";"VALPARAISO";"At--------";"complete";"8/5/2026"
"1329687572";"VINA DEL MAR";"At--------";"complete";"8/8/2026"
"1329727095";"VINA DEL MAR";"At------At";"complete";"8/7/2026"
"1329825704";"VINA DEL MAR";"At------At";"complete";"8/7/2026"
"1329854608";"VINA DEL MAR";"At--------";"complete";"8/6/2026"
"1329871393";"VINA DEL MAR";"At--------";"complete";"8/6/2026"
"1328605678";"VINA DEL MAR";"At--------";"complete";"8/3/2026"
"1328608363";"VALPARAISO";"At------At";"complete";"8/5/2026"
"1328688355";"VINA DEL MAR";"At------At";"complete";"8/3/2026"
"1328857397";"VINA DEL MAR";"At--------";"complete";"8/4/2026"
"1328900301";"VINA DEL MAR";"At--------";"complete";"8/4/2026"
"1328978654";"VINA DEL MAR";"At------At";"complete";"8/7/2026"
"1329207683";"VINA DEL MAR";"At--------";"complete";"8/3/2026"
"1329225649";"VALPARAISO";"At------At";"complete";"8/5/2026"
"1329324198";"VINA DEL MAR";"At--------";"complete";"8/5/2026"
"1329343184";"VINA DEL MAR";"At------At";"complete";"8/5/2026"
"1329387995";"VALPARAISO";"At--------";"complete";"8/4/2026"
"1329388251";"VINA DEL MAR";"At--------";"complete";"8/6/2026"
"1329546883";"VINA DEL MAR";"At--------";"complete";"8/5/2026"
"1329687889";"VALPARAISO";"At------At";"complete";"8/6/2026"
"1329746411";"VALPARAISO";"At--------";"complete";"8/6/2026"
"1329859493";"VINA DEL MAR";"At------At";"complete";"8/8/2026"
"1329859736";"VALPARAISO";"At--------";"complete";"8/7/2026"
"1329864408";"VINA DEL MAR";"At--------";"complete";"8/6/2026"
"1329870423";"VINA DEL MAR";"At--------";"complete";"8/6/2026"
"1329875524";"VINA DEL MAR";"At------At";"complete";"8/5/2026"
"1329875569";"VINA DEL MAR";"At--------";"complete";"8/6/2026"
"1329882581";"VALPARAISO";"At--------";"complete";"8/9/2026"
"1329890543";"VINA DEL MAR";"At--------";"complete";"8/6/2026"
"1329890624";"VINA DEL MAR";"At------At";"complete";"8/6/2026"
"1328504093";"VALPARAISO";"At--------";"complete";"8/5/2026"
"1328572902";"VINA DEL MAR";"At------At";"complete";"8/2/2026"
"1328781111";"VALPARAISO";"At--------";"complete";"8/4/2026"
"1328904349";"VINA DEL MAR";"At------At";"complete";"8/4/2026"
"1328954689";"VINA DEL MAR";"At------At";"complete";"8/4/2026"
"1329043150";"VINA DEL MAR";"At------At";"complete";"8/5/2026"
"1329276899";"VINA DEL MAR";"At--------";"complete";"8/4/2026"
"1329513023";"VINA DEL MAR";"At--------";"complete";"8/5/2026"
"1329534753";"VINA DEL MAR";"At------At";"complete";"8/5/2026"
"1329701819";"VINA DEL MAR";"At------At";"complete";"8/8/2026"
"1329909632";"VINA DEL MAR";"At--------";"complete";"8/7/2026"
"1329922318";"VINA DEL MAR";"At--------";"complete";"8/6/2026"
"1328504532";"VINA DEL MAR";"At--------";"complete";"8/3/2026"
"1328955684";"VALPARAISO";"At--------";"complete";"8/6/2026"
"1329095316";"VINA DEL MAR";"At--------";"complete";"8/4/2026"
"1329190594";"VINA DEL MAR";"At--------";"complete";"8/4/2026"
"1329277196";"VINA DEL MAR";"At--------";"complete";"8/5/2026"
"1329363232";"VINA DEL MAR";"At--------";"complete";"8/3/2026"
"1329410718";"VINA DEL MAR";"At------At";"complete";"8/8/2026"
"1329529382";"VINA DEL MAR";"At--------";"complete";"8/6/2026"
"1329542719";"VINA DEL MAR";"At------At";"complete";"8/6/2026"
"1329547530";"VINA DEL MAR";"At--------";"complete";"8/5/2026"
"1329555373";"VALPARAISO";"At--------";"complete";"8/7/2026"
"1329890476";"SAN ANTONIO";"At--------";"complete";"8/8/2026"
"1329902158";"VINA DEL MAR";"At------At";"complete";"8/7/2026"
"1329902462";"VINA DEL MAR";"At------At";"complete";"8/6/2026"
"1329923941";"VALPARAISO";"At--------";"complete";"8/8/2026"
"1329935669";"VINA DEL MAR";"At------At";"complete";"8/4/2026"
"1329950808";"VINA DEL MAR";"At--------";"complete";"8/7/2026"
"1328506021";"VINA DEL MAR";"At--------";"complete";"8/5/2026"
"1328506147";"SAN ANTONIO";"At------At";"complete";"8/6/2026"
"1328579082";"VINA DEL MAR";"At------At";"complete";"8/3/2026"
"1328865350";"VALPARAISO";"At------At";"complete";"8/6/2026"
"1328909677";"VINA DEL MAR";"At--------";"complete";"8/4/2026"
"1329096904";"VALPARAISO";"At--------";"complete";"8/5/2026"
"1329154367";"VALPARAISO";"At------At";"complete";"8/5/2026"
"1329191057";"VINA DEL MAR";"At--------";"complete";"8/5/2026"
"1329228839";"VINA DEL MAR";"At--------";"complete";"8/4/2026"
"1329291600";"VINA DEL MAR";"At--------";"complete";"8/5/2026"
"1329364141";"VALPARAISO";"At--------";"complete";"8/5/2026"
"1329378055";"VINA DEL MAR";"At--------";"complete";"8/5/2026"
"1329392265";"VALPARAISO";"At--------";"complete";"8/6/2026"
"1329894269";"VINA DEL MAR";"At--------";"complete";"8/6/2026"
"1329903494";"VALPARAISO";"At--------";"complete";"8/6/2026"
"1329905281";"VINA DEL MAR";"At--------";"complete";"8/6/2026"
"1329913442";"SAN ANTONIO";"At--------";"complete";"8/7/2026"
"1329936413";"VINA DEL MAR";"At------At";"complete";"8/6/2026"
"1329943642";"VINA DEL MAR";"At--------";"complete";"8/6/2026"
"1329947777";"VINA DEL MAR";"At--------";"complete";"8/7/2026"
"1329999262";"VINA DEL MAR";"At--------";"complete";"8/7/2026"
"1328453673";"VALPARAISO";"At--------";"complete";"8/6/2026"
"1328656269";"VINA DEL MAR";"At--------";"complete";"8/3/2026"
"1328867682";"VINA DEL MAR";"At--------";"complete";"8/4/2026"
"1328939992";"VALPARAISO";"At--------";"complete";"8/3/2026"
"1329229266";"VINA DEL MAR";"At--------";"complete";"8/6/2026"
"1329279989";"VALPARAISO";"At--------";"complete";"8/4/2026"
"1329280034";"SAN ANTONIO";"At------At";"complete";"8/5/2026"
"1329293405";"VINA DEL MAR";"At------At";"complete";"8/4/2026"
"1329312682";"SAN ANTONIO";"At--------";"complete";"8/6/2026"
"1329346903";"SAN ANTONIO";"At------At";"complete";"8/7/2026"
"1329378736";"VINA DEL MAR";"At--------";"complete";"8/5/2026"
"1329424926";"VINA DEL MAR";"At--------";"complete";"8/8/2026"
"1329440606";"VINA DEL MAR";"At--------";"complete";"8/5/2026"
"1329749199";"VALPARAISO";"At--------";"complete";"8/5/2026"
"1329920332";"VINA DEL MAR";"At--------";"complete";"8/6/2026"
"1329944156";"VINA DEL MAR";"At--------";"complete";"8/8/2026"
"1329971797";"VALPARAISO";"At------At";"complete";"8/8/2026"
"1329983317";"VINA DEL MAR";"At--------";"complete";"8/6/2026"
"1330006345";"VALPARAISO";"At--------";"complete";"8/6/2026"
"1330006363";"VINA DEL MAR";"At--------";"complete";"8/8/2026"
"1330007096";"VINA DEL MAR";"At------At";"complete";"8/7/2026"
"1328551820";"VALPARAISO";"At--------";"complete";"8/5/2026"
"1328871447";"VINA DEL MAR";"At--------";"complete";"8/5/2026"
"1328919135";"VINA DEL MAR";"At--------";"complete";"8/8/2026"
"1329231488";"VINA DEL MAR";"At------At";"complete";"8/5/2026"
"1329329019";"VALPARAISO";"At--------";"complete";"8/5/2026"
"1329380535";"VINA DEL MAR";"At--------";"complete";"8/5/2026"
"1329940298";"VALPARAISO";"At------At";"complete";"8/6/2026"
"1329996900";"SAN ANTONIO";"At--------";"complete";"8/8/2026"
"1330007858";"VALPARAISO";"At--------";"complete";"8/6/2026"
"1329766397";"VINA DEL MAR";"At------At";"complete";"8/13/2026"
"1329766749";"VINA DEL MAR";"At--------";"complete";"8/5/2026"
"1329773152";"VALPARAISO";"At--------";"complete";"8/7/2026"
"1329773449";"VINA DEL MAR";"At--------";"complete";"8/13/2026"
"1329777064";"VINA DEL MAR";"At--------";"complete";"8/6/2026"
"1328616991";"VALPARAISO";"At------At";"complete";"8/8/2026"
"1328718321";"VALPARAISO";"At--------";"complete";"8/4/2026"
"1328796366";"VALPARAISO";"At--------";"complete";"8/4/2026"
"1329329244";"SAN ANTONIO";"At------At";"complete";"8/6/2026"
"1329331272";"VINA DEL MAR";"At------At";"complete";"8/4/2026"
"1329381223";"VALPARAISO";"At--------";"complete";"8/6/2026"
"1329395011";"VINA DEL MAR";"At------At";"complete";"8/6/2026"
"1329985132";"VINA DEL MAR";"At--------";"complete";"8/7/2026"
"1329988127";"VALPARAISO";"At--------";"complete";"8/11/2026"
"1329988454";"VINA DEL MAR";"At--------";"complete";"8/10/2026"
"1329997950";"VALPARAISO";"At--------";"complete";"8/6/2026"
"1330023106";"VINA DEL MAR";"At--------";"complete";"8/6/2026"
"1329755096";"VINA DEL MAR";"At--------";"complete";"8/5/2026"
"1329781172";"VINA DEL MAR";"At------At";"complete";"8/8/2026"
"1329800526";"VALPARAISO";"At--------";"complete";"8/7/2026"
"1328512550";"VINA DEL MAR";"At--------";"complete";"8/4/2026"
"1328728616";"VINA DEL MAR";"At------At";"complete";"8/5/2026"
"1328799239";"VINA DEL MAR";"At------At";"complete";"8/4/2026"
"1329004932";"VINA DEL MAR";"At--------";"complete";"8/5/2026"
"1329199973";"VALPARAISO";"At--------";"complete";"8/3/2026"
"1329396543";"VALPARAISO";"At--------";"complete";"8/5/2026"
"1329414412";"VINA DEL MAR";"At--------";"complete";"8/5/2026"
"1329427759";"VINA DEL MAR";"At--------";"complete";"8/5/2026"
"1329460461";"VINA DEL MAR";"At--------";"complete";"8/5/2026"
"1329557003";"VINA DEL MAR";"At------At";"complete";"8/8/2026"
"1330022414";"VINA DEL MAR";"At--------";"complete";"8/7/2026"
"1330027584";"VINA DEL MAR";"At--------";"complete";"8/6/2026"
"1330029162";"SAN ANTONIO";"At--------";"complete";"8/10/2026"
"1330030151";"VINA DEL MAR";"At--------";"complete";"8/7/2026"
"1329763113";"SAN ANTONIO";"At--------";"complete";"8/8/2026"
"1329769817";"VINA DEL MAR";"At--------";"complete";"8/6/2026"
"1329802714";"VINA DEL MAR";"At--------";"complete";"8/5/2026"
"1329811647";"VINA DEL MAR";"At--------";"complete";"8/7/2026"
"1329821855";"SAN ANTONIO";"At--------";"complete";"8/8/2026"
"1329839590";"VALPARAISO";"At--------";"complete";"8/7/2026"
"1328221887";"VALPARAISO";"At--------";"complete";"8/6/2026"
"1328556054";"SAN ANTONIO";"At--------";"complete";"8/10/2026"
"1328662148";"VALPARAISO";"At--------";"complete";"8/3/2026"
"1329061322";"VALPARAISO";"At--------";"complete";"8/7/2026"
